-- MySQL dump 10.13  Distrib 5.6.17, for Win64 (x86_64)
--
-- Host: localhost    Database: loaner
-- ------------------------------------------------------
-- Server version	5.6.17

/*!40101 SET @OLD_CHARACTER_SET_CLIENT=@@CHARACTER_SET_CLIENT */;
/*!40101 SET @OLD_CHARACTER_SET_RESULTS=@@CHARACTER_SET_RESULTS */;
/*!40101 SET @OLD_COLLATION_CONNECTION=@@COLLATION_CONNECTION */;
/*!40101 SET NAMES utf8 */;
/*!40103 SET @OLD_TIME_ZONE=@@TIME_ZONE */;
/*!40103 SET TIME_ZONE='+00:00' */;
/*!40014 SET @OLD_UNIQUE_CHECKS=@@UNIQUE_CHECKS, UNIQUE_CHECKS=0 */;
/*!40014 SET @OLD_FOREIGN_KEY_CHECKS=@@FOREIGN_KEY_CHECKS, FOREIGN_KEY_CHECKS=0 */;
/*!40101 SET @OLD_SQL_MODE=@@SQL_MODE, SQL_MODE='NO_AUTO_VALUE_ON_ZERO' */;
/*!40111 SET @OLD_SQL_NOTES=@@SQL_NOTES, SQL_NOTES=0 */;

--
-- Table structure for table `loan_type`
--

DROP TABLE IF EXISTS `loan_type`;
/*!40101 SET @saved_cs_client     = @@character_set_client */;
/*!40101 SET character_set_client = utf8 */;
CREATE TABLE `loan_type` (
  `loan_type_id` int(11) NOT NULL AUTO_INCREMENT,
  `type_name` varchar(45) DEFAULT NULL,
  `type_term` varchar(45) DEFAULT NULL,
  `type_variable_name` varchar(45) DEFAULT NULL,
  PRIMARY KEY (`loan_type_id`)
) ENGINE=InnoDB AUTO_INCREMENT=6 DEFAULT CHARSET=utf8mb4;
/*!40101 SET character_set_client = @saved_cs_client */;

--
-- Dumping data for table `loan_type`
--

LOCK TABLES `loan_type` WRITE;
/*!40000 ALTER TABLE `loan_type` DISABLE KEYS */;
INSERT INTO `loan_type` VALUES (1,'30 Years Fixed Confirming','30','fixed30'),(2,'20 Years Fixed Confirming','20','fixed20'),(3,'15 Years Fixed Confirming','15','fixed15'),(4,'10 Years Fixed Confirming','10','fixed10'),(5,'25 Years Fixed Comfirming',NULL,'fixed25');
/*!40000 ALTER TABLE `loan_type` ENABLE KEYS */;
UNLOCK TABLES;

--
-- Table structure for table `lock_days`
--

DROP TABLE IF EXISTS `lock_days`;
/*!40101 SET @saved_cs_client     = @@character_set_client */;
/*!40101 SET character_set_client = utf8 */;
CREATE TABLE `lock_days` (
  `lock_days_id` int(11) NOT NULL AUTO_INCREMENT,
  `lock_days` int(11) DEFAULT NULL,
  PRIMARY KEY (`lock_days_id`)
) ENGINE=InnoDB AUTO_INCREMENT=76 DEFAULT CHARSET=utf8mb4;
/*!40101 SET character_set_client = @saved_cs_client */;

--
-- Dumping data for table `lock_days`
--

LOCK TABLES `lock_days` WRITE;
/*!40000 ALTER TABLE `lock_days` DISABLE KEYS */;
INSERT INTO `lock_days` VALUES (7,7),(15,15),(30,30),(45,45),(60,60),(75,75);
/*!40000 ALTER TABLE `lock_days` ENABLE KEYS */;
UNLOCK TABLES;

--
-- Table structure for table `purchase`
--

DROP TABLE IF EXISTS `purchase`;
/*!40101 SET @saved_cs_client     = @@character_set_client */;
/*!40101 SET character_set_client = utf8 */;
CREATE TABLE `purchase` (
  `purchaser_id` int(11) DEFAULT NULL,
  `loan_type_id` int(11) DEFAULT NULL,
  `rate` decimal(10,3) DEFAULT NULL,
  `lock_days_id` int(11) DEFAULT NULL,
  `purchase_price` decimal(10,3) DEFAULT NULL,
  KEY `FK_LOAN_TYPE_idx` (`loan_type_id`),
  KEY `FK_LOCK_DAYS_idx` (`lock_days_id`),
  KEY `FK_PURCHASER` (`purchaser_id`),
  CONSTRAINT `FK_LOAN_TYPE` FOREIGN KEY (`loan_type_id`) REFERENCES `loan_type` (`loan_type_id`) ON DELETE NO ACTION ON UPDATE NO ACTION,
  CONSTRAINT `FK_LOCK_DAYS` FOREIGN KEY (`lock_days_id`) REFERENCES `lock_days` (`lock_days_id`) ON DELETE NO ACTION ON UPDATE NO ACTION,
  CONSTRAINT `FK_PURCHASER` FOREIGN KEY (`purchaser_id`) REFERENCES `purchaser` (`purchaser_id`) ON DELETE NO ACTION ON UPDATE NO ACTION
) ENGINE=InnoDB DEFAULT CHARSET=utf8mb4;
/*!40101 SET character_set_client = @saved_cs_client */;

--
-- Dumping data for table `purchase`
--

LOCK TABLES `purchase` WRITE;
/*!40000 ALTER TABLE `purchase` DISABLE KEYS */;
INSERT INTO `purchase` VALUES (1,1,5.625,15,105.355),(1,1,5.625,30,105.355),(1,1,5.625,45,105.355),(1,1,5.625,60,105.355),(1,1,5.500,15,105.355),(1,1,5.500,30,105.355),(1,1,5.500,45,105.355),(1,1,5.500,60,105.355),(1,1,5.375,15,105.355),(1,1,5.375,30,105.355),(1,1,5.375,45,105.355),(1,1,5.375,60,105.355),(1,1,5.250,15,105.355),(1,1,5.250,30,105.355),(1,1,5.250,45,105.355),(1,1,5.250,60,105.355),(1,1,5.125,15,105.355),(1,1,5.125,30,105.355),(1,1,5.125,45,105.355),(1,1,5.125,60,105.355),(1,1,5.000,15,105.355),(1,1,5.000,30,105.355),(1,1,5.000,45,105.355),(1,1,5.000,60,105.355),(1,1,4.875,15,105.355),(1,1,4.875,30,105.355),(1,1,4.875,45,105.242),(1,1,4.875,60,104.988),(1,1,4.750,15,105.166),(1,1,4.750,30,104.917),(1,1,4.750,45,104.772),(1,1,4.750,60,104.523),(1,1,4.625,15,104.464),(1,1,4.625,30,104.221),(1,1,4.625,45,104.070),(1,1,4.625,60,103.826),(1,1,4.500,15,103.584),(1,1,4.500,30,103.346),(1,1,4.500,45,103.191),(1,1,4.500,60,102.951),(1,1,4.375,15,103.030),(1,1,4.375,30,102.797),(1,1,4.375,45,102.637),(1,1,4.375,60,102.403),(1,1,4.250,15,102.513),(1,1,4.250,30,102.285),(1,1,4.250,45,102.122),(1,1,4.250,60,101.892),(1,1,4.125,15,101.689),(1,1,4.125,30,101.466),(1,1,4.125,45,101.298),(1,1,4.125,60,101.072),(1,1,4.000,15,100.657),(1,1,4.000,30,100.439),(1,1,4.000,45,100.267),(1,1,4.000,60,100.046),(1,1,3.875,15,99.987),(1,1,3.875,30,99.774),(1,1,3.875,45,99.583),(1,1,3.875,60,99.368),(1,1,3.750,15,99.341),(1,1,3.750,30,99.134),(1,1,3.750,45,98.939),(1,1,3.750,60,98.728),(1,1,3.625,15,98.404),(1,1,3.625,30,98.202),(1,1,3.625,45,98.002),(1,1,3.625,60,97.797),(1,1,3.500,15,97.261),(1,1,3.500,30,97.063),(1,1,3.500,45,96.860),(1,1,3.500,60,96.659),(1,1,3.375,15,96.076),(1,1,3.375,30,95.884),(1,1,3.375,45,95.676),(1,1,3.375,60,95.479),(1,1,3.250,15,94.867),(1,1,3.250,30,94.680),(1,1,3.250,45,94.467),(1,1,3.250,60,94.276),(1,2,5.625,15,105.355),(1,2,5.625,30,105.355),(1,2,5.625,45,105.355),(1,2,5.625,60,105.355),(1,2,5.500,15,105.355),(1,2,5.500,30,105.355),(1,2,5.500,45,105.355),(1,2,5.500,60,105.355),(1,2,5.375,15,105.355),(1,2,5.375,30,105.355),(1,2,5.375,45,105.355),(1,2,5.375,60,105.355),(1,2,5.250,15,105.355),(1,2,5.250,30,105.355),(1,2,5.250,45,105.355),(1,2,5.250,60,105.355),(1,2,5.125,15,105.355),(1,2,5.125,30,105.355),(1,2,5.125,45,105.355),(1,2,5.125,60,105.355),(1,2,5.000,15,105.355),(1,2,5.000,30,105.355),(1,2,5.000,45,105.355),(1,2,5.000,60,105.355),(1,2,4.875,15,105.355),(1,2,4.875,30,105.355),(1,2,4.875,45,105.355),(1,2,4.875,60,105.355),(1,2,4.750,15,105.355),(1,2,4.750,30,105.355),(1,2,4.750,45,105.355),(1,2,4.750,60,105.303),(1,2,4.625,15,105.348),(1,2,4.625,30,105.104),(1,2,4.625,45,104.954),(1,2,4.625,60,104.709),(1,2,4.500,15,104.600),(1,2,4.500,30,104.361),(1,2,4.500,45,104.206),(1,2,4.500,60,103.967),(1,2,4.375,15,103.925),(1,2,4.375,30,103.692),(1,2,4.375,45,103.533),(1,2,4.375,60,103.298),(1,2,4.250,15,103.481),(1,2,4.250,30,103.253),(1,2,4.250,45,103.089),(1,2,4.250,60,102.859),(1,2,4.125,15,102.802),(1,2,4.125,30,102.579),(1,2,4.125,45,102.411),(1,2,4.125,60,102.186),(1,2,4.000,15,101.945),(1,2,4.000,30,101.727),(1,2,4.000,45,101.554),(1,2,4.000,60,101.334),(1,2,3.875,15,101.362),(1,2,3.875,30,101.149),(1,2,3.875,45,100.959),(1,2,3.875,60,100.743),(1,2,3.750,15,100.824),(1,2,3.750,30,100.616),(1,2,3.750,45,100.422),(1,2,3.750,60,100.211),(1,2,3.625,15,100.051),(1,2,3.625,30,99.849),(1,2,3.625,45,99.650),(1,2,3.625,60,99.444),(1,2,3.500,15,99.119),(1,2,3.500,30,98.922),(1,2,3.500,45,98.718),(1,2,3.500,60,98.517),(1,2,3.375,15,98.160),(1,2,3.375,30,97.968),(1,2,3.375,45,97.760),(1,2,3.375,60,97.563),(1,2,3.250,15,97.178),(1,2,3.250,30,96.991),(1,2,3.250,45,96.778),(1,2,3.250,60,96.586),(1,3,5.125,15,104.567),(1,3,5.125,30,104.329),(1,3,5.125,45,104.335),(1,3,5.125,60,104.105),(1,3,5.000,15,105.355),(1,3,5.000,30,105.355),(1,3,5.000,45,105.355),(1,3,5.000,60,105.355),(1,3,4.875,15,105.355),(1,3,4.875,30,105.355),(1,3,4.875,45,105.355),(1,3,4.875,60,105.341),(1,3,4.750,15,105.355),(1,3,4.750,30,105.295),(1,3,4.750,45,105.262),(1,3,4.750,60,105.046),(1,3,4.625,15,105.133),(1,3,4.625,30,104.916),(1,3,4.625,45,104.878),(1,3,4.625,60,104.667),(1,3,4.500,15,105.355),(1,3,4.500,30,105.355),(1,3,4.500,45,105.355),(1,3,4.500,60,105.319),(1,3,4.375,15,105.355),(1,3,4.375,30,105.355),(1,3,4.375,45,105.284),(1,3,4.375,60,105.083),(1,3,4.250,15,105.248),(1,3,4.250,30,105.046),(1,3,4.250,45,104.943),(1,3,4.250,60,104.746),(1,3,4.125,15,104.852),(1,3,4.125,30,104.656),(1,3,4.125,45,104.549),(1,3,4.125,60,104.357),(1,3,4.000,15,104.289),(1,3,4.000,30,104.098),(1,3,4.000,45,103.986),(1,3,4.000,60,103.799),(1,3,3.875,15,103.706),(1,3,3.875,30,103.520),(1,3,3.875,45,103.416),(1,3,3.875,60,103.234),(1,3,3.750,15,103.325),(1,3,3.750,30,103.145),(1,3,3.750,45,103.037),(1,3,3.750,60,102.859),(1,3,3.625,15,102.915),(1,3,3.625,30,102.739),(1,3,3.625,45,102.627),(1,3,3.625,60,102.454),(1,3,3.500,15,102.333),(1,3,3.500,30,102.163),(1,3,3.500,45,102.046),(1,3,3.500,60,101.878),(1,3,3.375,15,101.599),(1,3,3.375,30,101.434),(1,3,3.375,45,101.312),(1,3,3.375,60,101.149),(1,3,3.250,15,101.144),(1,3,3.250,30,100.984),(1,3,3.250,45,100.832),(1,3,3.250,60,100.674),(1,3,3.125,15,100.666),(1,3,3.125,30,100.511),(1,3,3.125,45,100.354),(1,3,3.125,60,100.201),(1,3,3.000,15,100.006),(1,3,3.000,30,99.856),(1,3,3.000,45,99.695),(1,3,3.000,60,99.546),(1,3,2.875,15,99.196),(1,3,2.875,30,99.052),(1,3,2.875,45,98.887),(1,3,2.875,60,98.743),(1,3,2.750,15,98.369),(1,3,2.750,30,98.229),(1,3,2.750,45,98.060),(1,3,2.750,60,97.920),(1,4,5.125,15,104.487),(1,4,5.125,30,104.250),(1,4,5.125,45,104.244),(1,4,5.125,60,104.014),(1,4,5.000,15,105.230),(1,4,5.000,30,105.230),(1,4,5.000,45,105.230),(1,4,5.000,60,105.230),(1,4,4.875,15,105.230),(1,4,4.875,30,105.230),(1,4,4.875,45,105.230),(1,4,4.875,60,105.151),(1,4,4.750,15,105.230),(1,4,4.750,30,105.174),(1,4,4.750,45,105.155),(1,4,4.750,60,104.939),(1,4,4.625,15,105.164),(1,4,4.625,30,104.947),(1,4,4.625,45,104.924),(1,4,4.625,60,104.712),(1,4,4.500,15,105.230),(1,4,4.500,30,105.187),(1,4,4.500,45,105.121),(1,4,4.500,60,104.914),(1,4,4.375,15,105.186),(1,4,4.375,30,104.980),(1,4,4.375,45,104.909),(1,4,4.375,60,104.707),(1,4,4.250,15,104.961),(1,4,4.250,30,104.759),(1,4,4.250,45,104.684),(1,4,4.250,60,104.487),(1,4,4.125,15,104.693),(1,4,4.125,30,104.497),(1,4,4.125,45,104.417),(1,4,4.125,60,104.225),(1,4,4.000,15,104.290),(1,4,4.000,30,104.099),(1,4,4.000,45,104.014),(1,4,4.000,60,103.827),(1,4,3.875,15,103.803),(1,4,3.875,30,103.618),(1,4,3.875,45,103.529),(1,4,3.875,60,103.346),(1,4,3.750,15,103.450),(1,4,3.750,30,103.269),(1,4,3.750,45,103.163),(1,4,3.750,60,102.985),(1,4,3.625,15,103.115),(1,4,3.625,30,102.939),(1,4,3.625,45,102.829),(1,4,3.625,60,102.656),(1,4,3.500,15,102.622),(1,4,3.500,30,102.451),(1,4,3.500,45,102.336),(1,4,3.500,60,102.168),(1,4,3.375,15,102.044),(1,4,3.375,30,101.879),(1,4,3.375,45,101.760),(1,4,3.375,60,101.596),(1,4,3.250,15,101.597),(1,4,3.250,30,101.437),(1,4,3.250,45,101.325),(1,4,3.250,60,101.167),(1,4,3.125,15,101.212),(1,4,3.125,30,101.057),(1,4,3.125,45,100.942),(1,4,3.125,60,100.788),(1,4,3.000,15,100.654),(1,4,3.000,30,100.504),(1,4,3.000,45,100.384),(1,4,3.000,60,100.235),(1,4,2.875,15,100.019),(1,4,2.875,30,99.875),(1,4,2.875,45,99.750),(1,4,2.875,60,99.606),(1,4,2.750,15,99.367),(1,4,2.750,30,99.228),(1,4,2.750,45,99.099),(1,4,2.750,60,98.959),(2,1,3.500,7,98.967),(2,1,3.500,15,98.913),(2,1,3.500,30,98.883),(2,1,3.500,45,98.833),(2,1,3.500,60,98.733),(2,1,3.500,75,98.584),(2,1,3.625,7,99.832),(2,1,3.625,15,99.778),(2,1,3.625,30,99.748),(2,1,3.625,45,99.698),(2,1,3.625,60,99.598),(2,1,3.625,75,99.446),(2,1,3.750,7,100.520),(2,1,3.750,15,100.466),(2,1,3.750,30,100.436),(2,1,3.750,45,100.386),(2,1,3.750,60,100.286),(2,1,3.750,75,100.132),(2,1,3.875,7,101.109),(2,1,3.875,15,101.055),(2,1,3.875,30,101.020),(2,1,3.875,45,100.960),(2,1,3.875,60,100.841),(2,1,3.875,75,100.669),(2,1,4.000,7,101.875),(2,1,4.000,15,101.821),(2,1,4.000,30,101.786),(2,1,4.000,45,101.726),(2,1,4.000,60,101.607),(2,1,4.000,75,101.433),(2,1,4.125,7,102.668),(2,1,4.125,15,102.614),(2,1,4.125,30,102.579),(2,1,4.125,45,102.519),(2,1,4.125,60,102.400),(2,1,4.125,75,102.225),(2,1,4.250,7,103.287),(2,1,4.250,15,103.233),(2,1,4.250,30,103.198),(2,1,4.250,45,103.138),(2,1,4.250,60,103.019),(2,1,4.250,75,102.843),(2,1,4.375,7,103.821),(2,1,4.375,15,103.767),(2,1,4.375,30,103.732),(2,1,4.375,45,103.672),(2,1,4.375,60,103.553),(2,1,4.375,75,103.376),(2,1,4.500,7,104.383),(2,1,4.500,15,104.329),(2,1,4.500,30,104.288),(2,1,4.500,45,104.219),(2,1,4.500,60,104.081),(2,1,4.500,75,103.948),(2,1,4.625,7,105.072),(2,1,4.625,15,105.018),(2,1,4.625,30,104.977),(2,1,4.625,45,104.908),(2,1,4.625,60,104.770),(2,1,4.625,75,104.635),(2,1,4.750,7,105.650),(2,1,4.750,15,105.596),(2,1,4.750,30,105.555),(2,1,4.750,45,105.486),(2,1,4.750,60,105.348),(2,1,4.750,75,105.212),(2,1,4.875,7,106.142),(2,1,4.875,15,106.088),(2,1,4.875,30,106.047),(2,1,4.875,45,105.978),(2,1,4.875,60,105.840),(2,1,4.875,75,105.702),(2,1,5.000,7,106.346),(2,1,5.000,15,106.292),(2,1,5.000,30,106.245),(2,1,5.000,45,106.166),(2,1,5.000,60,106.009),(2,1,5.000,75,105.884),(2,5,3.500,7,98.967),(2,5,3.500,15,98.913),(2,5,3.500,30,98.883),(2,5,3.500,45,98.833),(2,5,3.500,60,98.733),(2,5,3.500,75,98.584),(2,5,3.625,7,99.832),(2,5,3.625,15,99.778),(2,5,3.625,30,99.748),(2,5,3.625,45,99.698),(2,5,3.625,60,99.598),(2,5,3.625,75,99.446),(2,5,3.750,7,100.520),(2,5,3.750,15,100.466),(2,5,3.750,30,100.436),(2,5,3.750,45,100.386),(2,5,3.750,60,100.286),(2,5,3.750,75,100.132),(2,5,3.875,7,101.109),(2,5,3.875,15,101.055),(2,5,3.875,30,101.020),(2,5,3.875,45,100.960),(2,5,3.875,60,100.841),(2,5,3.875,75,100.669),(2,5,4.000,7,101.875),(2,5,4.000,15,101.821),(2,5,4.000,30,101.786),(2,5,4.000,45,101.726),(2,5,4.000,60,101.607),(2,5,4.000,75,101.433),(2,5,4.125,7,102.668),(2,5,4.125,15,102.614),(2,5,4.125,30,102.579),(2,5,4.125,45,102.519),(2,5,4.125,60,102.400),(2,5,4.125,75,102.225),(2,5,4.250,7,103.287),(2,5,4.250,15,103.233),(2,5,4.250,30,103.198),(2,5,4.250,45,103.138),(2,5,4.250,60,103.019),(2,5,4.250,75,102.843),(2,5,4.375,7,103.821),(2,5,4.375,15,103.767),(2,5,4.375,30,103.732),(2,5,4.375,45,103.672),(2,5,4.375,60,103.553),(2,5,4.375,75,103.376),(2,5,4.500,7,104.383),(2,5,4.500,15,104.329),(2,5,4.500,30,104.288),(2,5,4.500,45,104.219),(2,5,4.500,60,104.081),(2,5,4.500,75,103.948),(2,5,4.625,7,105.072),(2,5,4.625,15,105.018),(2,5,4.625,30,104.977),(2,5,4.625,45,104.908),(2,5,4.625,60,104.770),(2,5,4.625,75,104.635),(2,5,4.750,7,105.650),(2,5,4.750,15,105.596),(2,5,4.750,30,105.555),(2,5,4.750,45,105.486),(2,5,4.750,60,105.348),(2,5,4.750,75,105.212),(2,5,4.875,7,106.142),(2,5,4.875,15,106.088),(2,5,4.875,30,106.047),(2,5,4.875,45,105.978),(2,5,4.875,60,105.840),(2,5,4.875,75,105.702),(2,5,5.000,7,106.346),(2,5,5.000,15,106.292),(2,5,5.000,30,106.245),(2,5,5.000,45,106.166),(2,5,5.000,60,106.009),(2,5,5.000,75,105.884),(2,2,3.500,7,100.727),(2,2,3.500,15,100.673),(2,2,3.500,30,100.552),(2,2,3.500,45,100.315),(2,2,3.500,60,100.215),(2,2,3.500,75,100.000),(2,2,3.625,7,101.526),(2,2,3.625,15,101.472),(2,2,3.625,30,101.351),(2,2,3.625,45,101.114),(2,2,3.625,60,101.014),(2,2,3.625,75,100.799),(2,2,3.750,7,102.147),(2,2,3.750,15,102.093),(2,2,3.750,30,101.972),(2,2,3.750,45,101.735),(2,2,3.750,60,101.635),(2,2,3.750,75,101.420),(2,2,3.875,7,102.654),(2,2,3.875,15,102.600),(2,2,3.875,30,102.479),(2,2,3.875,45,102.245),(2,2,3.875,60,102.145),(2,2,3.875,75,101.930),(2,2,4.000,7,102.949),(2,2,4.000,15,102.895),(2,2,4.000,30,102.751),(2,2,4.000,45,102.563),(2,2,4.000,60,102.444),(2,2,4.000,75,102.204),(2,2,4.125,7,103.666),(2,2,4.125,15,103.612),(2,2,4.125,30,103.468),(2,2,4.125,45,103.282),(2,2,4.125,60,103.164),(2,2,4.125,75,102.925),(2,2,4.250,7,104.218),(2,2,4.250,15,104.164),(2,2,4.250,30,104.020),(2,2,4.250,45,103.836),(2,2,4.250,60,103.717),(2,2,4.250,75,103.480),(2,2,4.375,7,104.697),(2,2,4.375,15,104.643),(2,2,4.375,30,104.499),(2,2,4.375,45,104.314),(2,2,4.375,60,104.195),(2,2,4.375,75,103.960),(2,2,4.500,7,105.323),(2,2,4.500,15,105.269),(2,2,4.500,30,105.102),(2,2,4.500,45,104.982),(2,2,4.500,60,104.844),(2,2,4.500,75,104.647),(2,2,4.625,7,105.917),(2,2,4.625,15,105.863),(2,2,4.625,30,105.696),(2,2,4.625,45,105.578),(2,2,4.625,60,105.440),(2,2,4.625,75,105.242),(2,2,4.750,7,106.457),(2,2,4.750,15,106.403),(2,2,4.750,30,106.236),(2,2,4.750,45,106.120),(2,2,4.750,60,105.982),(2,2,4.750,75,105.785),(2,2,4.875,7,106.926),(2,2,4.875,15,106.872),(2,2,4.875,30,106.705),(2,2,4.875,45,106.589),(2,2,4.875,60,106.451),(2,2,4.875,75,106.256),(2,2,5.000,7,106.551),(2,2,5.000,15,106.497),(2,2,5.000,30,106.307),(2,2,5.000,45,106.239),(2,2,5.000,60,106.082),(2,2,5.000,75,105.893),(2,3,2.500,7,98.149),(2,3,2.500,15,98.136),(2,3,2.500,30,97.950),(2,3,2.500,45,97.844),(2,3,2.500,60,97.783),(2,3,2.500,75,97.583),(2,3,2.625,7,98.768),(2,3,2.625,15,98.755),(2,3,2.625,30,98.569),(2,3,2.625,45,98.463),(2,3,2.625,60,98.402),(2,3,2.625,75,98.202),(2,3,2.750,7,99.305),(2,3,2.750,15,99.292),(2,3,2.750,30,99.106),(2,3,2.750,45,98.999),(2,3,2.750,60,98.938),(2,3,2.750,75,98.737),(2,3,2.875,7,99.742),(2,3,2.875,15,99.729),(2,3,2.875,30,99.558),(2,3,2.875,45,99.489),(2,3,2.875,60,99.409),(2,3,2.875,75,99.275),(2,3,3.000,7,100.473),(2,3,3.000,15,100.460),(2,3,3.000,30,100.289),(2,3,3.000,45,100.218),(2,3,3.000,60,100.138),(2,3,3.000,75,100.005),(2,3,3.125,7,101.027),(2,3,3.125,15,101.014),(2,3,3.125,30,100.843),(2,3,3.125,45,100.774),(2,3,3.125,60,100.694),(2,3,3.125,75,100.562),(2,3,3.250,7,101.498),(2,3,3.250,15,101.485),(2,3,3.250,30,101.314),(2,3,3.250,45,101.247),(2,3,3.250,60,101.167),(2,3,3.250,75,101.038),(2,3,3.375,7,102.095),(2,3,3.375,15,102.082),(2,3,3.375,30,101.957),(2,3,3.375,45,101.812),(2,3,3.375,60,101.713),(2,3,3.375,75,101.582),(2,3,3.500,7,102.753),(2,3,3.500,15,102.740),(2,3,3.500,30,102.615),(2,3,3.500,45,102.472),(2,3,3.500,60,102.372),(2,3,3.500,75,102.244),(2,3,3.625,7,103.191),(2,3,3.625,15,103.178),(2,3,3.625,30,103.053),(2,3,3.625,45,102.910),(2,3,3.625,60,102.810),(2,3,3.625,75,102.684),(2,3,3.750,7,103.647),(2,3,3.750,15,103.634),(2,3,3.750,30,103.509),(2,3,3.750,45,103.365),(2,3,3.750,60,103.266),(2,3,3.750,75,103.141),(2,3,3.875,7,104.098),(2,3,3.875,15,104.085),(2,3,3.875,30,103.960),(2,3,3.875,45,103.819),(2,3,3.875,60,103.719),(2,3,3.875,75,103.593),(2,3,4.000,7,104.202),(2,3,4.000,15,104.189),(2,3,4.000,30,104.095),(2,3,4.000,45,104.035),(2,3,4.000,60,103.916),(2,3,4.000,75,103.808),(2,4,2.500,7,98.149),(2,4,2.500,15,98.136),(2,4,2.500,30,97.950),(2,4,2.500,45,97.844),(2,4,2.500,60,97.783),(2,4,2.500,75,97.583),(2,4,2.625,7,98.768),(2,4,2.625,15,98.755),(2,4,2.625,30,98.569),(2,4,2.625,45,98.463),(2,4,2.625,60,98.402),(2,4,2.625,75,98.202),(2,4,2.750,7,99.305),(2,4,2.750,15,99.292),(2,4,2.750,30,99.106),(2,4,2.750,45,98.999),(2,4,2.750,60,98.938),(2,4,2.750,75,98.737),(2,4,2.875,7,99.742),(2,4,2.875,15,99.729),(2,4,2.875,30,99.558),(2,4,2.875,45,99.489),(2,4,2.875,60,99.409),(2,4,2.875,75,99.275),(2,4,3.000,7,100.473),(2,4,3.000,15,100.460),(2,4,3.000,30,100.289),(2,4,3.000,45,100.218),(2,4,3.000,60,100.138),(2,4,3.000,75,100.005),(2,4,3.125,7,101.027),(2,4,3.125,15,101.014),(2,4,3.125,30,100.843),(2,4,3.125,45,100.774),(2,4,3.125,60,100.694),(2,4,3.125,75,100.562),(2,4,3.250,7,101.498),(2,4,3.250,15,101.485),(2,4,3.250,30,101.314),(2,4,3.250,45,101.247),(2,4,3.250,60,101.167),(2,4,3.250,75,101.038),(2,4,3.375,7,102.095),(2,4,3.375,15,102.082),(2,4,3.375,30,101.957),(2,4,3.375,45,101.812),(2,4,3.375,60,101.713),(2,4,3.375,75,101.582),(2,4,3.500,7,102.753),(2,4,3.500,15,102.740),(2,4,3.500,30,102.615),(2,4,3.500,45,102.472),(2,4,3.500,60,102.372),(2,4,3.500,75,102.244),(2,4,3.625,7,103.191),(2,4,3.625,15,103.178),(2,4,3.625,30,103.053),(2,4,3.625,45,102.910),(2,4,3.625,60,102.810),(2,4,3.625,75,102.684),(2,4,3.750,7,103.647),(2,4,3.750,15,103.634),(2,4,3.750,30,103.509),(2,4,3.750,45,103.365),(2,4,3.750,60,103.266),(2,4,3.750,75,103.141),(2,4,3.875,7,104.098),(2,4,3.875,15,104.085),(2,4,3.875,30,103.960),(2,4,3.875,45,103.819),(2,4,3.875,60,103.719),(2,4,3.875,75,103.593),(2,4,4.000,7,104.202),(2,4,4.000,15,104.189),(2,4,4.000,30,104.095),(2,4,4.000,45,104.035),(2,4,4.000,60,103.916),(2,4,4.000,75,103.808);
/*!40000 ALTER TABLE `purchase` ENABLE KEYS */;
UNLOCK TABLES;

--
-- Table structure for table `purchaser`
--

DROP TABLE IF EXISTS `purchaser`;
/*!40101 SET @saved_cs_client     = @@character_set_client */;
/*!40101 SET character_set_client = utf8 */;
CREATE TABLE `purchaser` (
  `purchaser_id` int(11) NOT NULL AUTO_INCREMENT,
  `purchaser_name` varchar(45) DEFAULT NULL,
  `purchaser_data_file` varchar(45) DEFAULT NULL,
  `purchaser_SRP_file` varchar(45) NOT NULL,
  PRIMARY KEY (`purchaser_id`)
) ENGINE=InnoDB AUTO_INCREMENT=1002 DEFAULT CHARSET=utf8mb4;
/*!40101 SET character_set_client = @saved_cs_client */;

--
-- Dumping data for table `purchaser`
--

LOCK TABLES `purchaser` WRITE;
/*!40000 ALTER TABLE `purchaser` DISABLE KEYS */;
INSERT INTO `purchaser` VALUES (1,'BBT','BBT.php',''),(2,'BOKF','BOKF.php',''),(1001,'bftest','bftest.php','');
/*!40000 ALTER TABLE `purchaser` ENABLE KEYS */;
UNLOCK TABLES;

--
-- Table structure for table `purchaser_srp_loan_amount_range`
--

DROP TABLE IF EXISTS `purchaser_srp_loan_amount_range`;
/*!40101 SET @saved_cs_client     = @@character_set_client */;
/*!40101 SET character_set_client = utf8 */;
CREATE TABLE `purchaser_srp_loan_amount_range` (
  `purchaser_id` varchar(45) NOT NULL,
  `loan_type_id` int(11) DEFAULT NULL,
  `amount_range_id` int(11) NOT NULL,
  `start_amount` int(11) DEFAULT NULL,
  `end_amount` int(11) DEFAULT NULL,
  PRIMARY KEY (`purchaser_id`,`amount_range_id`)
) ENGINE=InnoDB DEFAULT CHARSET=utf8mb4;
/*!40101 SET character_set_client = @saved_cs_client */;

--
-- Dumping data for table `purchaser_srp_loan_amount_range`
--

LOCK TABLES `purchaser_srp_loan_amount_range` WRITE;
/*!40000 ALTER TABLE `purchaser_srp_loan_amount_range` DISABLE KEYS */;
INSERT INTO `purchaser_srp_loan_amount_range` VALUES ('1',1,1,0,50000),('1',1,2,50001,100000),('1',1,3,100001,200000),('1',1,4,200001,300000),('1',1,5,300001,373000),('1',1,6,375001,417000),('2',1,1,0,49999),('2',1,2,50000,99999),('2',1,3,100000,179999),('2',1,4,180000,239999),('2',1,5,240000,417000);
/*!40000 ALTER TABLE `purchaser_srp_loan_amount_range` ENABLE KEYS */;
UNLOCK TABLES;

--
-- Table structure for table `state_srp_group`
--

DROP TABLE IF EXISTS `state_srp_group`;
/*!40101 SET @saved_cs_client     = @@character_set_client */;
/*!40101 SET character_set_client = utf8 */;
CREATE TABLE `state_srp_group` (
  `purchaser_id` int(11) NOT NULL,
  `group` tinyint(1) DEFAULT NULL,
  `states` varchar(256) DEFAULT NULL,
  PRIMARY KEY (`purchaser_id`),
  KEY `FK_srp_group_purchaser_idx` (`purchaser_id`)
) ENGINE=InnoDB DEFAULT CHARSET=utf8mb4;
/*!40101 SET character_set_client = @saved_cs_client */;

--
-- Dumping data for table `state_srp_group`
--

LOCK TABLES `state_srp_group` WRITE;
/*!40000 ALTER TABLE `state_srp_group` DISABLE KEYS */;
/*!40000 ALTER TABLE `state_srp_group` ENABLE KEYS */;
UNLOCK TABLES;
/*!40103 SET TIME_ZONE=@OLD_TIME_ZONE */;

/*!40101 SET SQL_MODE=@OLD_SQL_MODE */;
/*!40014 SET FOREIGN_KEY_CHECKS=@OLD_FOREIGN_KEY_CHECKS */;
/*!40014 SET UNIQUE_CHECKS=@OLD_UNIQUE_CHECKS */;
/*!40101 SET CHARACTER_SET_CLIENT=@OLD_CHARACTER_SET_CLIENT */;
/*!40101 SET CHARACTER_SET_RESULTS=@OLD_CHARACTER_SET_RESULTS */;
/*!40101 SET COLLATION_CONNECTION=@OLD_COLLATION_CONNECTION */;
/*!40111 SET SQL_NOTES=@OLD_SQL_NOTES */;

-- Dump completed on 2015-07-17 18:13:45
